{"stats":{"minecraft:custom":{"minecraft:interact_with_crafting_table":28,"minecraft:open_barrel":45,"minecraft:bell_ring":3,"minecraft:eat_cake_slice":2,"minecraft:leave_game":26,"minecraft:time_since_death":250256,"minecraft:sprint_one_cm":1306253,"minecraft:damage_blocked_by_shield":1440,"minecraft:drop":169,"minecraft:talked_to_villager":146,"minecraft:play_time":714072,"minecraft:deaths":14,"minecraft:jump":4341,"minecraft:interact_with_brewingstand":1,"minecraft:walk_on_water_one_cm":217098,"minecraft:interact_with_furnace":71,"minecraft:traded_with_villager":262,"minecraft:interact_with_cartography_table":2,"minecraft:interact_with_loom":2,"minecraft:sleep_in_bed":36,"minecraft:damage_dealt":12434,"minecraft:crouch_one_cm":698125,"minecraft:interact_with_smoker":3,"minecraft:inspect_dispenser":1,"minecraft:interact_with_smithing_table":3,"minecraft:mob_kills":110,"minecraft:interact_with_anvil":2,"minecraft:climb_one_cm":8482,"minecraft:walk_one_cm":3635790,"minecraft:damage_dealt_absorbed":259,"minecraft:sneak_time":114984,"minecraft:walk_under_water_one_cm":323912,"minecraft:boat_one_cm":15747,"minecraft:interact_with_blast_furnace":3,"minecraft:total_world_time":714072,"minecraft:tune_noteblock":4,"minecraft:interact_with_grindstone":1,"minecraft:time_since_rest":25952,"minecraft:damage_taken":11506,"minecraft:damage_absorbed":162,"minecraft:swim_one_cm":157812,"minecraft:fly_one_cm":1056537,"minecraft:open_chest":270,"minecraft:fall_one_cm":142718},"minecraft:crafted":{"minecraft:chainmail_helmet":16,"travelersbackpack:yellow_sleeping_bag":1,"regions_unexplored:larch_planks":2756,"minecraft:glass":31,"minecraft:diamond_leggings":1,"minecraft:diamond_helmet":1,"minecraft:bow":2,"minecraft:chest":3,"regions_unexplored:larch_boat":1,"minecraft:arrow":160,"minecraft:emerald":184,"minecraft:diamond_axe":1,"minecraft:crafting_table":6,"minecraft:spruce_planks":172,"travelersbackpack:standard":1,"minecraft:wooden_pickaxe":1,"minecraft:iron_helmet":26,"minecraft:birch_planks":44,"minecraft:shield":1,"minecraft:stick":5747,"minecraft:iron_pickaxe":2,"minecraft:iron_ingot":3,"minecraft:gold_ingot":1,"minecraft:stone_shovel":1,"minecraft:iron_nugget":18,"minecraft:furnace":2,"ars_nouveau:novice_spell_book":1,"minecraft:iron_axe":7,"minecraft:stone_pickaxe":1,"minecraft:dark_oak_planks":8,"minecraft:crossbow":4,"travelersbackpack:backpack_tank":2,"minecraft:iron_sword":1,"minecraft:stone_axe":4,"minecraft:air":0,"minecraft:white_wool":1,"minecraft:white_dye":1,"minecraft:chainmail_boots":12,"minecraft:iron_shovel":1,"minecraft:acacia_planks":12,"minecraft:torch":12,"minecraft:diamond_chestplate":1},"minecraft:broken":{"minecraft:stone_axe":3,"minecraft:flint_and_steel":1,"minecraft:iron_axe":2},"minecraft:killed_by":{"minecraft:creeper":1,"minecraft:pillager":4,"minecraft:vindicator":1,"minecraft:vex":1,"minecraft:illusioner":4},"minecraft:mined":{"minecraft:dark_oak_planks":35,"regions_unexplored:golden_larch_leaves":68,"minecraft:spruce_planks":8,"minecraft:farmland":2,"minecraft:cobbled_deepslate_stairs":1,"minecraft:cobblestone_stairs":1,"minecraft:brewing_stand":1,"regions_unexplored:larch_planks":12,"minecraft:granite":1,"minecraft:grass_block":7,"minecraft:soul_soil":1,"minecraft:composter":3,"minecraft:chiseled_stone_bricks":2,"minecraft:spawner":2,"regions_unexplored:birch_branch":1,"minecraft:iron_ore":3,"minecraft:fire":1,"minecraft:barrel":1,"minecraft:iron_bars":1,"minecraft:light_gray_concrete":2,"minecraft:spruce_wood":5,"regions_unexplored:larch_log":1641,"minecraft:spruce_slab":1,"minecraft:orange_bed":1,"minecraft:torch":9,"minecraft:blast_furnace":2,"regions_unexplored:peat_grass_block":196,"minecraft:chest":3,"minecraft:cobblestone":298,"minecraft:cyan_bed":7,"minecraft:oak_planks":3,"minecraft:bricks":1,"minecraft:chain":5,"minecraft:yellow_wool":9,"minecraft:birch_log":29,"minecraft:lilac":1,"minecraft:stone_brick_stairs":1,"minecraft:grass":153,"minecraft:oak_log":5,"minecraft:beetroots":1,"regions_unexplored:peat_dirt":15,"minecraft:sand":31,"minecraft:dirt":9,"minecraft:oak_leaves":120,"minecraft:deepslate":1,"minecraft:gray_stained_glass_pane":2,"gravestone:gravestone":10,"minecraft:purple_terracotta":3,"minecraft:spruce_fence":2,"minecraft:decorated_pot":2,"minecraft:spruce_leaves":17,"minecraft:large_fern":2,"minecraft:carrots":80,"regions_unexplored:larch_leaves":915,"minecraft:gold_block":1,"minecraft:bookshelf":6,"minecraft:cobblestone_slab":1,"minecraft:stripped_acacia_log":4,"regions_unexplored:medium_grass":224,"minecraft:stone":126,"minecraft:glass_pane":4,"minecraft:potted_lily_of_the_valley":1,"minecraft:oak_fence":1,"minecraft:crafting_table":3,"minecraft:emerald_ore":17,"minecraft:rose_bush":1,"minecraft:stone_slab":1,"minecraft:quartz_bricks":2,"minecraft:diorite":17,"minecraft:spruce_stairs":1,"minecraft:gray_wool":1,"minecraft:stripped_spruce_wood":2,"minecraft:magenta_terracotta":2,"minecraft:spruce_log":45,"minecraft:birch_leaves":45,"minecraft:coal_ore":7,"minecraft:gray_carpet":2,"minecraft:stone_bricks":1,"regions_unexplored:larch_shrub":2},"minecraft:used":{"minecraft:iron_shovel":70,"minecraft:diamond_hoe":1090,"minecraft:chest":5,"minecraft:shield":26,"minecraft:iron_sword":35,"minecraft:iron_chestplate":2,"minecraft:carrot":143,"minecraft:azure_bluet":1,"wom:agony":113,"born_in_chaos_v1:corpse_maggot":4,"minecraft:birch_sapling":3,"qualitycrops:cooked_beef_gold":1,"minecraft:stone_brick_stairs":1,"minecraft:golden_sword":17,"minecraft:bow":117,"minecraft:furnace":2,"epicfight:skillbook":22,"minecraft:diorite":15,"minecraft:diamond_boots":1,"minecraft:spruce_door":2,"minecraft:stone_pickaxe":13,"minecraft:oak_planks":5,"minecraft:wooden_pickaxe":40,"minecraft:composter":1,"minecraft:diamond_axe":234,"minecraft:golden_apple":1,"qualitycrops:carrot_diamond":3,"minecraft:mushroom_stew":4,"minecraft:blast_furnace":2,"regions_unexplored:medium_grass":1,"minecraft:melon_slice":42,"minecraft:bread":22,"minecraft:cyan_bed":7,"minecraft:diamond_sword":67,"minecraft:chainmail_boots":2,"regions_unexplored:larch_sapling":10,"minecraft:flint_and_steel":64,"minecraft:stone_shovel":116,"minecraft:spruce_planks":20,"minecraft:orange_bed":1,"minecraft:torch":21,"minecraft:dirt":7,"minecraft:spruce_fence":2,"minecraft:dark_oak_planks":38,"minecraft:iron_axe":1246,"minecraft:oak_stairs":1,"qualitycrops:cooked_beef_diamond":1,"minecraft:totem_of_undying":3,"minecraft:diamond_chestplate":2,"regions_unexplored:larch_planks":27,"minecraft:cooked_beef":8,"minecraft:iron_leggings":2,"qualitycrops:melon_slice_iron":34,"minecraft:quartz_bricks":2,"minecraft:water_bucket":159,"regions_unexplored:peat_dirt":216,"farmersdelight:golden_knife":13,"regions_unexplored:larch_boat":1,"minecraft:cobblestone_slab":1,"qualitycrops:carrot_iron":9,"minecraft:crafting_table":9,"minecraft:cake":2,"minecraft:spruce_log":5,"qualitycrops:carrot_gold":8,"minecraft:diamond_pickaxe":300,"minecraft:iron_pickaxe":159,"regions_unexplored:larch_log":126,"minecraft:chiseled_stone_bricks":2,"minecraft:stone_axe":415,"minecraft:cobblestone":359,"travelersbackpack:standard":18,"minecraft:bucket":159,"minecraft:diamond_leggings":2},"minecraft:picked_up":{"minecraft:iron_chestplate":2,"minecraft:black_carpet":2,"regions_unexplored:larch_planks":30,"illagerinvasion:platinum_chunk":3,"minecraft:chainmail_boots":1,"minecraft:flower_pot":1,"minecraft:yellow_wool":8,"minecraft:stone_slab":1,"minecraft:oak_stairs":2,"minecraft:stone_brick_stairs":1,"minecraft:brewing_stand":1,"minecraft:string":1,"minecraft:soul_soil":1,"minecraft:iron_leggings":3,"minecraft:beetroot":2,"minecraft:cobbled_deepslate":1,"minecraft:bucket":1,"minecraft:spruce_planks":8,"regions_unexplored:larch_log":1608,"minecraft:cobblestone_slab":1,"minecraft:melon_slice":64,"minecraft:stick":117,"apotheosis:gem":8,"minecraft:composter":1,"minecraft:oak_fence":2,"minecraft:torch":12,"minecraft:spruce_stairs":1,"minecraft:porkchop":2,"epicfight:skillbook":4,"alexsmobs:fedora":2,"minecraft:diorite":15,"minecraft:orange_bed":1,"minecraft:rotten_flesh":22,"minecraft:cyan_terracotta":3,"minecraft:iron_bars":1,"minecraft:cobblestone":413,"regions_unexplored:golden_larch_sapling":4,"minecraft:birch_log":29,"born_in_chaos_v1:staffof_magic_arrows":1,"minecraft:cooked_beef":8,"minecraft:lilac":1,"minecraft:andesite":1,"minecraft:map":1,"minecraft:magenta_terracotta":3,"minecraft:dirt":12,"aquamirae:fin":2,"minecraft:bone":12,"minecraft:bow":2,"minecraft:wheat_seeds":48,"regions_unexplored:larch_shrub":3,"minecraft:oak_planks":4,"minecraft:cooked_porkchop":3,"minecraft:sand":31,"minecraft:cyan_bed":7,"alexsmobs:novelty_hat":1,"minecraft:lily_of_the_valley":1,"minecraft:dark_oak_log":2,"minecraft:barrel":1,"minecraft:stripped_acacia_log":3,"minecraft:quartz_bricks":2,"minecraft:light_gray_concrete":3,"minecraft:granite":1,"minecraft:grass":2,"minecraft:emerald":65,"minecraft:bread":18,"minecraft:oak_sapling":5,"minecraft:bricks":1,"minecraft:crafting_table":3,"minecraft:azure_bluet":1,"minecraft:ladder":1,"minecraft:gold_block":1,"minecraft:chain":5,"gravestone:obituary":7,"minecraft:moss_carpet":1,"minecraft:iron_axe":1,"minecraft:iron_shovel":1,"qualitycrops:beef_gold":1,"regions_unexplored:medium_grass":1,"qualitycrops:carrot_iron":9,"minecraft:poppy":4,"minecraft:spruce_slab":1,"minecraft:lectern":1,"minecraft:chest":3,"minecraft:birch_sapling":4,"minecraft:raw_iron":3,"minecraft:spruce_fence":4,"aquaculture:perch":1,"minecraft:carrot":336,"minecraft:purple_terracotta":4,"minecraft:dark_oak_planks":36,"minecraft:arrow":45,"minecraft:stone_shovel":1,"minecraft:decorated_pot":1,"minecraft:totem_of_undying":4,"born_in_chaos_v1:fused_bone":3,"born_in_chaos_v1:corpse_maggot":4,"regions_unexplored:peat_dirt":222,"minecraft:leather":8,"minecraft:oak_log":3,"minecraft:cobbled_deepslate_stairs":1,"minecraft:gunpowder":3,"minecraft:cobblestone_stairs":2,"qualitycrops:porkchop_gold":1,"minecraft:stone_bricks":3,"minecraft:apple":2,"minecraft:gray_carpet":2,"aquamirae:terrible_leggings":2,"qualitycrops:cooked_beef_gold":1,"minecraft:spruce_wood":5,"minecraft:iron_ingot":3,"regions_unexplored:larch_sapling":141,"aquaculture:minnow":2,"minecraft:glass_bottle":2,"minecraft:iron_sword":2,"minecraft:book":22,"wom:agony":1,"minecraft:chiseled_stone_bricks":5,"qualitycrops:carrot_gold":12,"qualitycrops:carrot_diamond":3,"minecraft:spruce_sapling":6,"minecraft:blast_furnace":2,"minecraft:spruce_log":43,"qualitycrops:cooked_beef_diamond":1,"illagerinvasion:illusionary_dust":2,"minecraft:spruce_door":2,"travelersbackpack:standard":1,"qualitycrops:melon_slice_iron":34,"minecraft:iron_helmet":12,"minecraft:coal":7},"minecraft:dropped":{"minecraft:iron_sword":1,"minecraft:decorated_pot":1,"minecraft:crossbow":4,"aquaculture:minnow":2,"minecraft:cobblestone_stairs":2,"minecraft:cyan_terracotta":3,"minecraft:dirt":5,"minecraft:grass":2,"gravestone:obituary":17,"minecraft:dark_oak_planks":3,"minecraft:cobbled_deepslate":1,"aquaculture:perch":1,"qualitycrops:beef_gold":1,"minecraft:beetroot":2,"minecraft:rotten_flesh":10,"minecraft:oak_planks":2,"minecraft:chiseled_stone_bricks":3,"minecraft:poppy":4,"minecraft:ladder":1,"minecraft:chainmail_boots":12,"minecraft:iron_bars":1,"alexsmobs:fedora":1,"minecraft:wheat_seeds":17,"minecraft:cobbled_deepslate_stairs":1,"minecraft:lilac":1,"minecraft:oak_fence":2,"minecraft:iron_helmet":17,"minecraft:granite":1,"minecraft:spruce_stairs":1,"minecraft:chainmail_helmet":16,"minecraft:stick":1,"illagerinvasion:platinum_chunk":2,"minecraft:torch":1,"born_in_chaos_v1:fused_bone":2,"minecraft:map":1,"minecraft:iron_leggings":2,"minecraft:oak_stairs":1,"minecraft:iron_axe":1,"minecraft:bucket":1,"minecraft:gray_carpet":2,"minecraft:spruce_sapling":3,"qualitycrops:carrot_gold":2,"minecraft:bricks":1,"minecraft:moss_carpet":1,"minecraft:soul_soil":1,"minecraft:bowl":1,"minecraft:stone_shovel":1,"minecraft:stone_slab":1,"minecraft:light_gray_concrete":3,"minecraft:spruce_fence":2,"minecraft:flower_pot":1,"minecraft:spruce_planks":1,"minecraft:stone_bricks":3,"minecraft:barrel":1,"aquamirae:terrible_leggings":1,"minecraft:wooden_pickaxe":1,"minecraft:magenta_terracotta":2},"minecraft:killed":{"illagerinvasion:archivist":2,"minecraft:spider":1,"illagerinvasion:basher":1,"minecraft:skeleton":16,"minecraft:illusioner":7,"minecraft:pig":1,"minecraft:iron_golem":1,"illagerinvasion:alchemist":1,"minecraft:creeper":1,"minecraft:pillager":5,"minecraft:zombie":5,"alexsmobs:fly":1,"minecraft:cow":4,"minecraft:evoker":4,"minecraft:vex":9,"minecraft:vindicator":9,"illagerinvasion:marauder":1,"born_in_chaos_v1:maggot":7,"aquamirae:maw":1,"ars_nouveau:animated_block":18}},"DataVersion":3465}