{"stats":{"minecraft:crafted":{"minecraft:oak_planks":88,"croptopia:toast":27,"regions_unexplored:larch_planks":708,"minecraft:diamond_shovel":1,"minecraft:bookshelf":33,"minecraft:cooked_mutton":7,"minecraft:diamond_helmet":1,"minecraft:chest":20,"minecraft:diamond_axe":2,"minecraft:crafting_table":3,"minecraft:spruce_planks":320,"minecraft:wooden_pickaxe":1,"minecraft:baked_potato":14,"minecraft:birch_planks":32,"minecraft:diamond_pickaxe":1,"minecraft:shield":2,"minecraft:stick":24,"minecraft:iron_ingot":276,"minecraft:iron_pickaxe":1,"minecraft:gold_ingot":45,"minecraft:golden_carrot":11,"minecraft:raw_iron":251,"minecraft:stone_shovel":3,"minecraft:iron_nugget":2,"minecraft:furnace":2,"minecraft:iron_axe":1,"minecraft:stone_pickaxe":2,"minecraft:cooked_beef":2,"minecraft:diamond_sword":1,"minecraft:enchanting_table":1,"minecraft:iron_sword":1,"minecraft:bucket":1,"minecraft:stone_axe":1,"minecraft:bread":4,"minecraft:air":0,"minecraft:golden_apple":10,"minecraft:gold_nugget":63,"minecraft:iron_leggings":1,"minecraft:acacia_planks":12},"minecraft:mined":{"minecraft:dark_oak_planks":35,"minecraft:waxed_cut_copper_slab":2,"minecraft:spruce_planks":55,"minecraft:farmland":1,"minecraft:cobblestone_stairs":1,"minecraft:red_nether_bricks":10,"minecraft:carved_pumpkin":2,"regions_unexplored:larch_planks":82,"minecraft:budding_amethyst":1,"minecraft:grass_block":52,"minecraft:coal_block":2,"ars_nouveau:sourceberry_bush":1,"minecraft:green_wall_banner":2,"minecraft:chiseled_stone_bricks":2,"minecraft:spawner":13,"minecraft:raw_iron_block":28,"minecraft:mossy_cobblestone_stairs":7,"minecraft:dark_oak_trapdoor":1,"minecraft:cobbled_deepslate":1,"minecraft:iron_ore":5,"minecraft:fire":1,"minecraft:deepslate_lapis_ore":29,"minecraft:dark_oak_stairs":4,"minecraft:flowering_azalea_leaves":4,"minecraft:oak_stairs":3,"minecraft:small_amethyst_bud":1,"minecraft:iron_bars":3,"minecraft:light_gray_concrete":2,"regions_unexplored:larch_log":243,"minecraft:stripped_mangrove_wood":2,"minecraft:iron_block":2,"minecraft:player_head":1,"minecraft:spruce_slab":1,"minecraft:orange_bed":4,"minecraft:deepslate_redstone_ore":8,"minecraft:red_bed":2,"minecraft:cyan_terracotta":5,"minecraft:polished_deepslate_stairs":2,"minecraft:note_block":4,"minecraft:calcite":25,"regions_unexplored:peat_grass_block":243,"minecraft:melon":39,"minecraft:chest":11,"minecraft:smooth_quartz_slab":1,"mahoutsukai:mahoujin":1,"minecraft:cobblestone":31,"minecraft:oak_planks":4,"minecraft:bricks":60,"minecraft:wall_torch":4,"minecraft:amethyst_block":2,"minecraft:chain":2,"minecraft:dark_oak_slab":1,"minecraft:birch_log":8,"minecraft:lilac":1,"minecraft:grass":34,"minecraft:oak_log":19,"regions_unexplored:peat_dirt":49,"minecraft:sand":1,"minecraft:dirt":188,"minecraft:smooth_basalt":1,"minecraft:oak_leaves":64,"minecraft:deepslate":232,"minecraft:dark_prismarine":2,"minecraft:tuff":26,"iceandfire:silver_ore":1,"minecraft:dark_oak_leaves":3,"minecraft:deepslate_diamond_ore":3,"minecraft:jack_o_lantern":1,"minecraft:ladder":5,"gravestone:gravestone":8,"minecraft:dark_oak_fence":1,"minecraft:purple_terracotta":47,"minecraft:decorated_pot":1,"minecraft:soul_campfire":1,"minecraft:mangrove_trapdoor":1,"regions_unexplored:peat_farmland":1,"minecraft:moss_block":4,"minecraft:hay_block":2,"minecraft:diorite_slab":1,"minecraft:light_blue_wall_banner":2,"minecraft:furnace":2,"minecraft:carrots":1,"minecraft:acacia_stairs":3,"minecraft:andesite":6,"minecraft:stripped_spruce_log":11,"regions_unexplored:larch_leaves":15,"minecraft:bookshelf":98,"minecraft:cobblestone_slab":1,"minecraft:stripped_acacia_log":3,"regions_unexplored:medium_grass":8,"minecraft:smooth_quartz_stairs":3,"minecraft:stone":193,"minecraft:flowering_azalea":1,"minecraft:red_banner":1,"minecraft:dandelion":1,"minecraft:oak_fence":1,"minecraft:crafting_table":3,"minecraft:oak_wood":4,"minecraft:rose_bush":1,"minecraft:lectern":2,"minecraft:campfire":4,"minecraft:stone_slab":1,"minecraft:tall_grass":4,"minecraft:deepslate_coal_ore":1,"minecraft:diorite":21,"minecraft:purple_wool":3,"minecraft:red_terracotta":2,"regions_unexplored:redstone_bud":4,"minecraft:magenta_terracotta":38,"minecraft:spruce_log":72,"minecraft:birch_leaves":6,"minecraft:red_wall_banner":1,"minecraft:white_wall_banner":1,"minecraft:mangrove_slab":1,"minecraft:coal_ore":5,"minecraft:gravel":15,"minecraft:cyan_carpet":5,"minecraft:gray_carpet":6,"minecraft:cobweb":67,"minecraft:stone_bricks":83,"minecraft:polished_andesite":8,"minecraft:orange_wall_banner":3,"regions_unexplored:larch_shrub":2},"minecraft:killed_by":{"minecraft:evoker":2,"minecraft:vex":3,"minecraft:husk":1},"minecraft:used":{"minecraft:moss_block":2,"minecraft:light_blue_banner":2,"minecraft:diamond_hoe":9,"minecraft:chest":29,"minecraft:decorated_pot":1,"minecraft:green_banner":2,"minecraft:shield":23,"minecraft:iron_sword":409,"minecraft:carrot":1,"minecraft:tuff":20,"wom:agony":12,"minecraft:bricks":45,"minecraft:lantern":2,"wom:tormented_mind":58,"minecraft:stone_bricks":36,"minecraft:furnace":4,"ars_nouveau:sourceberry_bush":2,"minecraft:potato":1,"epicfight:skillbook":4,"minecraft:diorite":15,"minecraft:diamond_boots":1,"minecraft:gray_carpet":17,"minecraft:stone_pickaxe":263,"qualitycrops:melon_slice_diamond":7,"minecraft:oak_planks":9,"minecraft:wooden_pickaxe":12,"minecraft:diamond_axe":439,"minecraft:stripped_mangrove_wood":2,"minecraft:golden_apple":16,"qualitycrops:carrot_diamond":2,"minecraft:purple_terracotta":34,"minecraft:firework_rocket":9,"minecraft:melon_slice":108,"minecraft:bread":57,"minecraft:cyan_carpet":28,"minecraft:gravel":1,"croptopia:toast":27,"minecraft:diamond_sword":287,"minecraft:experience_bottle":122,"minecraft:trident":60,"minecraft:iron_bars":1,"minecraft:enchanting_table":1,"minecraft:stone_shovel":398,"minecraft:spruce_planks":232,"minecraft:orange_bed":4,"minecraft:dirt":197,"minecraft:mossy_cobblestone_stairs":2,"minecraft:flowering_azalea":1,"minecraft:bookshelf":31,"minecraft:iron_axe":261,"minecraft:iron_boots":1,"minecraft:totem_of_undying":2,"minecraft:golden_carrot":11,"minecraft:magenta_terracotta":32,"regions_unexplored:larch_planks":471,"minecraft:soul_soil":1,"minecraft:cooked_beef":2,"minecraft:cobbled_deepslate":157,"minecraft:acacia_planks":3,"qualitycrops:melon_slice_iron":3,"minecraft:calcite":18,"minecraft:cooked_mutton":5,"minecraft:water_bucket":24,"minecraft:baked_potato":2,"minecraft:red_nether_bricks":9,"regions_unexplored:peat_dirt":253,"qualitycrops:melon_slice_gold":9,"minecraft:crafting_table":5,"minecraft:red_bed":2,"minecraft:diamond_pickaxe":541,"minecraft:acacia_stairs":3,"minecraft:apple":3,"minecraft:diamond_shovel":35,"minecraft:iron_pickaxe":165,"regions_unexplored:larch_log":22,"minecraft:stone_axe":22,"minecraft:cobblestone":147,"minecraft:potion":2,"minecraft:orange_banner":4,"minecraft:red_banner":2,"minecraft:bucket":25,"alexsmobs:animal_dictionary":1},"minecraft:dropped":{"minecraft:iron_sword":4,"minecraft:diamond_axe":1,"minecraft:glass_bottle":3,"regions_unexplored:larch_planks":2,"aquaculture:minnow":2,"minecraft:cobblestone_stairs":1,"minecraft:stone_button":1,"minecraft:chain":4,"gravestone:obituary":7,"minecraft:bone_meal":1,"minecraft:dark_oak_planks":2,"minecraft:mangrove_slab":1,"minecraft:gravel":1,"wom:agony":1,"minecraft:rotten_flesh":18,"minecraft:chiseled_stone_bricks":2,"regions_unexplored:peat_dirt":1,"apotheosis:gem":8,"minecraft:chainmail_boots":2,"qualitycrops:melon_slice_iron":34,"minecraft:red_nether_bricks":1,"minecraft:stone_brick_stairs":2,"alexsmobs:fedora":4,"minecraft:bread":18,"minecraft:purple_terracotta":9,"minecraft:wheat_seeds":14,"minecraft:feather":3,"minecraft:cobblestone":12,"illagerinvasion:platinum_chunk":1,"minecraft:diorite":2,"minecraft:melon_slice":64,"minecraft:iron_leggings":1,"minecraft:flowering_azalea":1,"minecraft:iron_axe":1,"minecraft:mossy_cobblestone_stairs":4,"minecraft:chainmail_leggings":2,"minecraft:string":2,"minecraft:dandelion":3,"minecraft:smooth_basalt":1,"minecraft:moss_carpet":7,"minecraft:stone_sword":2,"minecraft:iron_boots":1,"minecraft:stone_slab":1,"minecraft:red_terracotta":2,"minecraft:diamond_sword":2,"minecraft:cobblestone_slab":1,"minecraft:spruce_planks":1,"minecraft:iron_chestplate":2,"minecraft:andesite":4,"minecraft:oak_sapling":2,"minecraft:redstone_torch":1,"minecraft:stone_bricks":13,"minecraft:calcite":1},"minecraft:broken":{"minecraft:iron_leggings":1,"minecraft:stone_pickaxe":2,"minecraft:iron_sword":1,"minecraft:stone_shovel":3,"minecraft:iron_axe":2,"minecraft:turtle_helmet":1},"minecraft:killed":{"illagerinvasion:archivist":1,"minecraft:cave_spider":7,"born_in_chaos_v1:restless_spirit":1,"minecraft:spider":2,"illagerinvasion:basher":1,"minecraft:skeleton":16,"minecraft:illusioner":1,"minecraft:pillager":10,"minecraft:zombie":1,"born_in_chaos_v1:dread_hound":1,"alexsmobs:fly":1,"minecraft:vex":1,"minecraft:evoker":2,"minecraft:vindicator":29,"illagerinvasion:marauder":6,"born_in_chaos_v1:maggot":1,"minecraft:husk":25,"minecraft:frog":4},"minecraft:picked_up":{"illagerinvasion:platinum_chunk":3,"regions_unexplored:larch_planks":65,"minecraft:stone_slab":1,"minecraft:diamond_sword":2,"minecraft:oak_stairs":2,"minecraft:potion":2,"minecraft:stone_brick_stairs":2,"minecraft:amethyst_block":2,"minecraft:soul_soil":1,"minecraft:string":62,"minecraft:dark_oak_trapdoor":1,"minecraft:waxed_cut_copper_slab":2,"minecraft:red_nether_bricks":10,"minecraft:sea_pickle":3,"illagerinvasion:platinum_infused_hatchet":1,"minecraft:cobbled_deepslate":141,"minecraft:spruce_planks":43,"minecraft:redstone_torch":1,"regions_unexplored:larch_log":243,"minecraft:rose_bush":1,"minecraft:cobblestone_slab":1,"minecraft:calcite":24,"minecraft:melon_slice":184,"minecraft:coal_block":2,"minecraft:smooth_quartz_stairs":3,"minecraft:furnace":2,"minecraft:stick":13,"apotheosis:gem":4,"minecraft:torch":4,"epicfight:skillbook":4,"alexsmobs:fedora":3,"minecraft:diorite":17,"minecraft:green_banner":2,"minecraft:orange_bed":4,"minecraft:stone_sword":2,"minecraft:rotten_flesh":24,"minecraft:iron_block":2,"minecraft:carved_pumpkin":2,"minecraft:cyan_terracotta":3,"minecraft:iron_bars":2,"minecraft:cobblestone":189,"minecraft:birch_log":8,"minecraft:lilac":1,"minecraft:andesite":5,"minecraft:golden_leggings":1,"minecraft:potato":1,"minecraft:tuff":20,"minecraft:lapis_lazuli":188,"minecraft:mangrove_slab":1,"minecraft:magenta_terracotta":32,"minecraft:dirt":232,"minecraft:lantern":2,"minecraft:bone":32,"minecraft:bow":1,"minecraft:wheat_seeds":15,"regions_unexplored:larch_shrub":2,"minecraft:moss_block":2,"minecraft:oak_planks":4,"minecraft:sand":1,"minecraft:stripped_spruce_log":11,"minecraft:acacia_stairs":3,"minecraft:dark_oak_log":3,"minecraft:red_terracotta":2,"minecraft:dark_prismarine":2,"minecraft:light_gray_concrete":2,"minecraft:stripped_acacia_log":3,"minecraft:polished_andesite":7,"minecraft:diamond":3,"minecraft:bone_meal":1,"minecraft:emerald":31,"minecraft:jack_o_lantern":1,"minecraft:oak_sapling":2,"minecraft:bricks":55,"iceandfire:raw_silver":1,"minecraft:crafting_table":4,"minecraft:charcoal":2,"minecraft:orange_banner":4,"minecraft:chain":4,"minecraft:iron_axe":2,"minecraft:red_bed":2,"minecraft:moss_carpet":7,"minecraft:cyan_carpet":39,"qualitycrops:melon_slice_gold":9,"minecraft:player_head":1,"minecraft:iron_nugget":12,"minecraft:lectern":1,"minecraft:chest":11,"minecraft:raw_iron":6,"minecraft:stripped_mangrove_wood":2,"minecraft:stone_button":1,"minecraft:carrot":11,"minecraft:redstone":40,"minecraft:mangrove_trapdoor":1,"minecraft:purple_terracotta":45,"minecraft:dark_oak_planks":24,"minecraft:arrow":44,"minecraft:decorated_pot":2,"minecraft:totem_of_undying":2,"born_in_chaos_v1:corpse_maggot":1,"regions_unexplored:peat_dirt":282,"born_in_chaos_v1:monster_flesh":1,"qualitycrops:melon_slice_diamond":7,"minecraft:oak_log":19,"minecraft:cobblestone_stairs":2,"minecraft:white_banner":1,"minecraft:light_blue_banner":2,"minecraft:stone_bricks":63,"minecraft:apple":1,"minecraft:gray_carpet":19,"aquaculture:minnow":2,"minecraft:glass_bottle":1,"minecraft:flowering_azalea":2,"minecraft:iron_sword":4,"minecraft:dark_oak_stairs":2,"minecraft:book":292,"minecraft:smooth_basalt":1,"minecraft:chiseled_stone_bricks":2,"minecraft:dandelion":4,"minecraft:raw_iron_block":28,"minecraft:gravel":2,"minecraft:red_banner":2,"qualitycrops:carrot_diamond":2,"minecraft:spruce_log":69,"minecraft:spider_eye":1,"minecraft:oak_wood":3,"qualitycrops:melon_slice_iron":37,"minecraft:chainmail_leggings":1,"minecraft:mossy_cobblestone_stairs":7,"minecraft:coal":6},"minecraft:custom":{"minecraft:interact_with_crafting_table":49,"minecraft:open_barrel":64,"minecraft:leave_game":24,"minecraft:time_since_death":3275,"minecraft:damage_resisted":15,"minecraft:sprint_one_cm":1529337,"minecraft:damage_blocked_by_shield":2505,"minecraft:drop":96,"minecraft:play_noteblock":9,"minecraft:talked_to_villager":3,"minecraft:play_time":575603,"minecraft:deaths":7,"minecraft:jump":4807,"minecraft:interact_with_brewingstand":1,"minecraft:enchant_item":7,"minecraft:walk_on_water_one_cm":156129,"minecraft:interact_with_furnace":85,"minecraft:interact_with_loom":1,"minecraft:sleep_in_bed":33,"minecraft:damage_dealt":36997,"minecraft:crouch_one_cm":603623,"minecraft:interact_with_smoker":4,"minecraft:inspect_dispenser":1,"minecraft:mob_kills":114,"minecraft:interact_with_anvil":1,"minecraft:climb_one_cm":15120,"minecraft:walk_one_cm":1244411,"minecraft:damage_dealt_absorbed":2140,"minecraft:sneak_time":105592,"minecraft:walk_under_water_one_cm":344395,"minecraft:interact_with_lectern":1,"minecraft:interact_with_blast_furnace":10,"minecraft:total_world_time":575603,"minecraft:time_since_rest":3308,"minecraft:damage_taken":11596,"minecraft:damage_absorbed":357,"minecraft:trigger_trapped_chest":1,"minecraft:swim_one_cm":239421,"minecraft:fly_one_cm":1575413,"minecraft:open_chest":630,"minecraft:fall_one_cm":228225}},"DataVersion":3465}